{"tag":0,"time":10951.277,"alt":0,"range":985000.0000000002,"V":0.0,"Vz":0.0,"LD":0.0,"pDOH":0,"eff_p":0.0,"mass":17568.1794658205,"m_fl":1018.2213789931,"m_bat":0.0,"m_NOx":11.1798854189,"m_CO":3.0566415604,"oem":11550,"m_py":5000,"eff":0.2994184298,"P_req":284198618.1942670345,"P_tot":949168754.8298387527}